{"cameraMode":{"drawMode":0,"name":"Shaded","section":"Shading Mode"},"sceneLighting":false,"audioPlay":false,"sceneViewState":{"showFog":true,"showMaterialUpdate":false,"showSkybox":false,"showFlares":true,"showImageEffects":true,"showParticleSystems":true},"in2DMode":false,"pivot":{"x":-3.5999999046325685,"y":1.059999942779541,"z":35.290000915527347},"rotation":{"x":0.16636084020137788,"y":-0.054696109145879748,"z":0.009242522530257702,"w":0.9845032691955566},"size":2.1213202476501467,"orthographic":false}